survey id,# replicates surveyed,grid cell label,start date,observation,replicate #,sumatragridmrgd2_centroids_srtm_srtm_1,sumatragridmrgd2_centroids_hii_hii_1
SumatraSurvey10,"40",N01E04,1/1/2008,"0","1",32.000000000000000,1.001931071281433
SumatraSurvey10,"45",N04W05,1/1/2008,"0","1",32.000000000000000,15.396131515502930
SumatraSurvey10,"42",N04W06,1/1/2008,"0","1",24.000000000000000,4.262555599212646
SumatraSurvey10,"82",N05W05,1/1/2008,"0","1",37.000000000000000,4.316072940826416
SumatraSurvey10,"36",N05W06,1/1/2008,"0","1",25.000000000000000,16.436727523803711
SumatraSurvey10,"9",N06W02,1/1/2008,"0","1",22.000000000000000,2.286633491516113
SumatraSurvey10,"36",N07W02,1/1/2008,"0","1",17.000000000000000,0.000000000000000
SumatraSurvey10,"48",N07W03,1/1/2008,"0","1",41.000000000000000,9.001442909240723
SumatraSurvey10,"28",N07W04,1/1/2008,"0","1",27.000000000000000,3.000043153762817
SumatraSurvey10,"54",N07W06,1/1/2008,"0","1",13.000000000000000,14.259295463562012
SumatraSurvey10,"40",N07W07,1/1/2008,"0","1",43.000000000000000,4.526984214782715
SumatraSurvey10,"32",N07W11,1/1/2008,"0","1",48.000000000000000,12.252104759216309
SumatraSurvey10,"63",N08W04,1/1/2008,"0","1",31.000000000000000,5.000000000000000
SumatraSurvey10,"35",N08W06,1/1/2008,"0","1",24.000000000000000,15.250246047973633
SumatraSurvey10,"41",N08W07,1/1/2008,"0","1",38.000000000000000,6.000000000000000
SumatraSurvey10,"45",N08W08,1/1/2008,"0","1",37.000000000000000,3.000000000000000
SumatraSurvey10,"33",N09W06,1/1/2008,"0","1",45.000000000000000,23.318683624267578
SumatraSurvey10,"17",N09W09,1/1/2008,"0","1",24.000000000000000,3.000000000000000
SumatraSurvey10,"53",N10W06,1/1/2008,"0","1",11.000000000000000,4.757507324218750
SumatraSurvey10,"29",N16W28,2/12/2008,"1","21",11.000000000000000,5.159883975982666
SumatraSurvey10,"29",N16W28,2/12/2008,"1","23",11.000000000000000,5.159883975982666
SumatraSurvey10,"29",N16W28,2/12/2008,"1","24",11.000000000000000,5.159883975982666
SumatraSurvey10,"29",N16W28,2/12/2008,"1","25",11.000000000000000,5.159883975982666
SumatraSurvey10,"29",N16W29,8/23/2008,"0","1",0.000000000000000,nan
SumatraSurvey10,"35",N17W28,2/11/2008,"0","1",26.000000000000000,4.563805103302002
SumatraSurvey10,"10",N17W29,11/14/2008,"0","1",0.000000000000000,nan
SumatraSurvey10,"29",N18W28,11/26/2008,"1","3",34.000000000000000,13.313792228698730
SumatraSurvey10,"22",N18W29,11/11/2008,"0","1",0.000000000000000,nan
SumatraSurvey10,"38",N19W26,10/24/2008,"0","1",547.000000000000000,14.250005722045898
SumatraSurvey10,"34",N19W27,3/1/2008,"0","1",108.000000000000000,3.159884214401245
SumatraSurvey10,"37",N19W28,5/8/2008,"1","5",22.000000000000000,11.441025733947754
SumatraSurvey10,"37",N19W28,5/8/2008,"1","6",22.000000000000000,11.441025733947754
SumatraSurvey10,"37",N19W28,5/8/2008,"1","16",22.000000000000000,11.441025733947754
SumatraSurvey10,"37",N19W28,5/8/2008,"1","18",22.000000000000000,11.441025733947754
SumatraSurvey10,"37",N19W28,5/8/2008,"1","19",22.000000000000000,11.441025733947754
SumatraSurvey10,"37",N19W28,5/8/2008,"1","26",22.000000000000000,11.441025733947754
SumatraSurvey10,"41",N19W29,3/15/2008,"0","1",19.000000000000000,13.669785499572754
SumatraSurvey10,"28",N20W26,2/22/2008,"0","1",459.000000000000000,13.526984214782715
SumatraSurvey10,"30",N20W27,7/10/2008,"1","25",296.000000000000000,8.000000000000000
SumatraSurvey10,"39",N20W28,11/4/2007,"1","1",215.000000000000000,2.250031471252441
SumatraSurvey10,"39",N20W28,11/4/2007,"1","2",215.000000000000000,2.250031471252441
SumatraSurvey10,"39",N20W28,11/4/2007,"1","3",215.000000000000000,2.250031471252441
SumatraSurvey10,"39",N20W28,11/4/2007,"1","13",215.000000000000000,2.250031471252441
SumatraSurvey10,"39",N20W28,11/4/2007,"1","25",215.000000000000000,2.250031471252441
SumatraSurvey10,"39",N20W28,11/4/2007,"1","34",215.000000000000000,2.250031471252441
SumatraSurvey10,"39",N20W28,11/4/2007,"1","35",215.000000000000000,2.250031471252441
SumatraSurvey10,"27",N20W29,11/3/2007,"1","1",639.000000000000000,5.250284671783447
SumatraSurvey10,"27",N20W29,11/3/2007,"1","8",639.000000000000000,5.250284671783447
SumatraSurvey10,"36",N20W30,9/28/2007,"1","23",28.000000000000000,6.259810447692871
SumatraSurvey10,"36",N20W30,9/28/2007,"1","24",28.000000000000000,6.259810447692871
SumatraSurvey10,"36",N20W30,9/28/2007,"1","25",28.000000000000000,6.259810447692871
SumatraSurvey10,"36",N20W30,9/28/2007,"1","26",28.000000000000000,6.259810447692871
SumatraSurvey10,"36",N20W30,9/28/2007,"1","28",28.000000000000000,6.259810447692871
SumatraSurvey10,"43",N20W31,9/1/2007,"0","1",0.000000000000000,nan
SumatraSurvey10,"33",N21W24,3/10/2008,"0","1",1245.000000000000000,8.757507324218750
SumatraSurvey10,"25",N21W25,9/7/2008,"0","1",800.000000000000000,13.681485176086426
SumatraSurvey10,"29",N21W26,3/11/2008,"0","1",1079.000000000000000,6.415075778961182
SumatraSurvey10,"33",N21W27,12/1/2007,"0","1",736.000000000000000,4.303442955017090
SumatraSurvey10,"43",N21W28,1/27/2008,"0","1",1166.000000000000000,3.002988576889038
SumatraSurvey10,"31",N21W29,1/30/2008,"1","18",1339.000000000000000,3.000000000000000
SumatraSurvey10,"31",N21W29,1/30/2008,"1","19",1339.000000000000000,3.000000000000000
SumatraSurvey10,"34",N21W30,8/27/2007,"1","4",560.000000000000000,5.251335144042969
SumatraSurvey10,"34",N21W30,8/27/2007,"1","14",560.000000000000000,5.251335144042969
SumatraSurvey10,"34",N21W30,8/27/2007,"1","15",560.000000000000000,5.251335144042969
SumatraSurvey10,"34",N21W30,8/27/2007,"1","21",560.000000000000000,5.251335144042969
SumatraSurvey10,"34",N21W30,8/27/2007,"1","27",560.000000000000000,5.251335144042969
SumatraSurvey10,"29",N21W31,4/27/2008,"1","27",357.000000000000000,13.752974510192871
SumatraSurvey10,"29",N21W31,4/27/2008,"1","28",357.000000000000000,13.752974510192871
SumatraSurvey10,"20",N22W23,3/27/2008,"0","1",689.000000000000000,15.000000000000000
SumatraSurvey10,"37",N22W24,3/27/2008,"0","1",804.000000000000000,13.000000000000000
SumatraSurvey10,"36",N22W25,9/27/2007,"1","5",659.000000000000000,4.000000000000000
SumatraSurvey10,"36",N22W25,9/27/2007,"1","11",659.000000000000000,4.000000000000000
SumatraSurvey10,"31",N22W26,9/18/2007,"0","1",808.000000000000000,4.250051021575928
SumatraSurvey10,"20",N22W27,11/29/2007,"0","1",168.000000000000000,22.219629287719727
SumatraSurvey10,"42",N22W28,1/1/2008,"0","1",1078.000000000000000,3.254347324371338
SumatraSurvey10,"25",N22W29,12/6/2007,"0","1",2173.000000000000000,3.000000000000000
SumatraSurvey10,"44",N22W30,7/24/2007,"1","5",635.000000000000000,3.000025510787964
SumatraSurvey10,"44",N22W30,7/24/2007,"1","6",635.000000000000000,3.000025510787964
SumatraSurvey10,"44",N22W30,7/24/2007,"1","18",635.000000000000000,3.000025510787964
SumatraSurvey10,"44",N22W30,7/24/2007,"1","19",635.000000000000000,3.000025510787964
SumatraSurvey10,"29",N22W31,6/19/2007,"0","1",611.000000000000000,4.250371456146240
SumatraSurvey10,"22",N22W32,1/25/2008,"0","1",388.000000000000000,13.653259277343750
SumatraSurvey10,"46",N23W25,8/10/2008,"0","1",128.000000000000000,15.635626792907715
SumatraSurvey10,"27",N23W26,9/16/2007,"0","1",813.000000000000000,6.253099918365479
SumatraSurvey10,"34",N23W27,11/5/2007,"1","18",1971.000000000000000,5.252151489257813
SumatraSurvey10,"34",N23W27,11/5/2007,"1","19",1971.000000000000000,5.252151489257813
SumatraSurvey10,"37",N23W28,11/5/2007,"1","9",335.000000000000000,15.751332283020020
SumatraSurvey10,"29",N23W29,12/7/2007,"1","3",1425.000000000000000,3.000000000000000
SumatraSurvey10,"29",N23W29,12/7/2007,"1","8",1425.000000000000000,3.000000000000000
SumatraSurvey10,"29",N23W29,12/7/2007,"1","14",1425.000000000000000,3.000000000000000
SumatraSurvey10,"29",N23W29,12/7/2007,"1","15",1425.000000000000000,3.000000000000000
SumatraSurvey10,"29",N23W29,12/7/2007,"1","22",1425.000000000000000,3.000000000000000
SumatraSurvey10,"26",N23W31,3/16/2008,"1","6",1465.000000000000000,3.000000000000000
SumatraSurvey10,"26",N23W31,3/16/2008,"1","10",1465.000000000000000,3.000000000000000
SumatraSurvey10,"32",N23W32,6/24/2007,"1","1",758.000000000000000,6.250358581542969
SumatraSurvey10,"32",N23W32,6/24/2007,"1","14",758.000000000000000,6.250358581542969
SumatraSurvey10,"32",N23W32,6/24/2007,"1","16",758.000000000000000,6.250358581542969
SumatraSurvey10,"32",N23W32,6/24/2007,"1","23",758.000000000000000,6.250358581542969
SumatraSurvey10,"32",N23W32,6/24/2007,"1","27",758.000000000000000,6.250358581542969
SumatraSurvey10,"32",N23W32,6/24/2007,"1","29",758.000000000000000,6.250358581542969
SumatraSurvey10,"8",N23W33,1/26/2008,"0","1",0.000000000000000,nan
SumatraSurvey10,"17",N24W26,9/17/2007,"0","1",176.000000000000000,4.250051021575928
SumatraSurvey10,"18",N24W27,12/6/2007,"1","3",1638.000000000000000,4.000000000000000
SumatraSurvey10,"18",N24W27,12/6/2007,"1","5",1638.000000000000000,4.000000000000000
SumatraSurvey10,"35",N24W28,1/1/2008,"0","1",1260.000000000000000,3.296728134155273
SumatraSurvey10,"34",N24W29,11/4/2007,"0","1",1706.000000000000000,5.285611152648926
SumatraSurvey10,"15",N24W30,2/4/2008,"0","1",1995.000000000000000,3.000000000000000
SumatraSurvey10,"35",N24W31,2/1/2008,"0","1",2414.000000000000000,4.000000000000000
SumatraSurvey10,"30",N24W32,2/1/2008,"1","24",1766.000000000000000,4.000000000000000
SumatraSurvey10,"30",N24W32,2/1/2008,"1","25",1766.000000000000000,4.000000000000000
SumatraSurvey10,"30",N24W33,7/25/2007,"1","3",554.000000000000000,6.308719158172607
SumatraSurvey10,"13",N24W34,9/14/2008,"0","1",0.000000000000000,nan
SumatraSurvey10,"24",N25W26,8/11/2007,"1","2",43.000000000000000,11.000000000000000
SumatraSurvey10,"39",N25W27,8/11/2007,"1","10",632.000000000000000,3.000000000000000
SumatraSurvey10,"11",N25W28,6/9/2007,"1","1",2212.000000000000000,1.000000000000000
SumatraSurvey10,"11",N25W28,6/9/2007,"1","2",2212.000000000000000,1.000000000000000
SumatraSurvey10,"11",N25W28,6/9/2007,"1","4",2212.000000000000000,1.000000000000000
SumatraSurvey10,"11",N25W28,6/9/2007,"1","6",2212.000000000000000,1.000000000000000
SumatraSurvey10,"11",N25W28,6/9/2007,"1","10",2212.000000000000000,1.000000000000000
SumatraSurvey10,"16",N25W29,5/11/2007,"0","1",1257.000000000000000,3.366439819335938
SumatraSurvey10,"24",N25W30,5/5/2007,"1","6",2758.000000000000000,3.255021572113037
SumatraSurvey10,"24",N25W30,5/5/2007,"1","23",2758.000000000000000,3.255021572113037
SumatraSurvey10,"5",N25W31,6/1/2007,"0","1",2498.000000000000000,4.000000000000000
SumatraSurvey10,"39",N25W33,8/29/2007,"1","17",1750.000000000000000,4.000000000000000
SumatraSurvey10,"39",N25W34,8/30/2007,"1","6",163.000000000000000,5.405184268951416
SumatraSurvey10,"39",N25W34,8/30/2007,"1","14",163.000000000000000,5.405184268951416
SumatraSurvey10,"39",N25W34,8/30/2007,"1","19",163.000000000000000,5.405184268951416
SumatraSurvey10,"39",N25W34,8/30/2007,"1","25",163.000000000000000,5.405184268951416
SumatraSurvey10,"39",N25W34,8/30/2007,"1","27",163.000000000000000,5.405184268951416
SumatraSurvey10,"26",N25W35,1/1/2008,"0","1",13.000000000000000,11.980004310607910
SumatraSurvey10,"18",N25W36,1/1/2008,"0","1",25.000000000000000,3.357576608657837
SumatraSurvey10,"16",N25W37,7/12/2008,"0","1",0.000000000000000,nan
SumatraSurvey10,"25",N26W25,7/16/2008,"0","1",28.000000000000000,15.251276969909668
SumatraSurvey10,"44",N26W26,8/9/2007,"1","32",81.000000000000000,4.250006198883057
SumatraSurvey10,"44",N26W26,8/9/2007,"1","34",81.000000000000000,4.250006198883057
SumatraSurvey10,"28",N26W27,8/9/2007,"0","1",849.000000000000000,4.000000000000000
SumatraSurvey10,"22",N26W28,6/20/2007,"1","1",769.000000000000000,0.000000000000000
SumatraSurvey10,"12",N26W29,5/15/2007,"0","1",1190.000000000000000,0.250007361173630
SumatraSurvey10,"12",N26W30,5/3/2007,"0","1",1573.000000000000000,1.415076017379761
SumatraSurvey10,"22",N26W31,6/19/2007,"0","1",2021.000000000000000,5.415075778961182
SumatraSurvey10,"37",N26W32,7/3/2007,"0","1",2184.000000000000000,5.250162601470947
SumatraSurvey10,"38",N26W33,7/26/2007,"0","1",1498.000000000000000,6.000000000000000
SumatraSurvey10,"40",N26W34,7/23/2007,"0","1",661.000000000000000,5.000000000000000
SumatraSurvey10,"43",N26W35,1/1/2008,"1","4",92.000000000000000,12.852498054504395
SumatraSurvey10,"43",N26W35,1/1/2008,"1","32",92.000000000000000,12.852498054504395
SumatraSurvey10,"43",N26W35,1/1/2008,"1","34",92.000000000000000,12.852498054504395
SumatraSurvey10,"43",N26W35,1/1/2008,"1","35",92.000000000000000,12.852498054504395
SumatraSurvey10,"43",N26W35,1/1/2008,"1","37",92.000000000000000,12.852498054504395
SumatraSurvey10,"16",N26W36,1/1/2008,"0","1",18.000000000000000,14.340153694152832
SumatraSurvey10,"24",N26W37,1/1/2008,"1","13",9.000000000000000,16.788530349731445
SumatraSurvey10,"24",N26W37,1/1/2008,"1","20",9.000000000000000,16.788530349731445
SumatraSurvey10,"24",N26W37,1/1/2008,"1","23",9.000000000000000,16.788530349731445
SumatraSurvey10,"34",N27W27,4/22/2008,"0","1",42.000000000000000,13.251190185546875
SumatraSurvey10,"27",N27W28,12/3/2007,"0","1",1407.000000000000000,3.000000000000000
SumatraSurvey10,"33",N27W29,1/1/2008,"0","1",1213.000000000000000,2.000000000000000
SumatraSurvey10,"42",N27W30,1/1/2008,"0","1",1189.000000000000000,0.000000000000000
SumatraSurvey10,"40",N27W31,1/1/2008,"0","1",1229.000000000000000,9.852498054504395
SumatraSurvey10,"39",N27W32,1/1/2008,"0","1",1334.000000000000000,15.681485176086426
SumatraSurvey10,"38",N27W33,10/20/2008,"0","1",868.000000000000000,11.629548072814941
SumatraSurvey10,"38",N27W34,2/5/2009,"0","1",1272.000000000000000,4.000000000000000
SumatraSurvey10,"39",N27W35,1/1/2008,"1","31",1189.000000000000000,3.381533145904541
SumatraSurvey10,"29",N27W36,1/1/2008,"1","9",53.000000000000000,12.478924751281738
SumatraSurvey10,"29",N27W36,1/1/2008,"1","10",53.000000000000000,12.478924751281738
SumatraSurvey10,"23",N28W27,4/20/2008,"0","1",25.000000000000000,19.052433013916016
SumatraSurvey10,"34",N28W28,4/5/2008,"0","1",156.000000000000000,4.854428768157959
SumatraSurvey10,"32",N28W29,1/1/2008,"1","20",424.000000000000000,1.250246405601501
SumatraSurvey10,"26",N28W30,1/1/2008,"0","1",1501.000000000000000,1.000000000000000
SumatraSurvey10,"30",N28W31,1/1/2008,"1","11",1712.000000000000000,1.000000000000000
SumatraSurvey10,"36",N28W32,7/29/2008,"0","1",2096.000000000000000,10.000000000000000
SumatraSurvey10,"33",N28W34,2/5/2009,"0","1",1417.000000000000000,3.000000000000000
SumatraSurvey10,"36",N28W36,2/4/2009,"1","14",914.000000000000000,6.000000000000000
SumatraSurvey10,"36",N28W36,2/4/2009,"1","15",914.000000000000000,6.000000000000000
SumatraSurvey10,"36",N28W36,2/4/2009,"1","16",914.000000000000000,6.000000000000000
SumatraSurvey10,"36",N28W36,2/4/2009,"1","18",914.000000000000000,6.000000000000000
SumatraSurvey10,"36",N28W36,2/4/2009,"1","25",914.000000000000000,6.000000000000000
SumatraSurvey10,"36",N28W36,2/4/2009,"1","31",914.000000000000000,6.000000000000000
SumatraSurvey10,"36",N28W36,2/4/2009,"1","33",914.000000000000000,6.000000000000000
SumatraSurvey10,"45",N28W37,1/1/2008,"1","41",101.000000000000000,14.681485176086426
SumatraSurvey10,"36",N29W27,4/23/2008,"1","14",23.000000000000000,12.255946159362793
SumatraSurvey10,"36",N29W27,4/23/2008,"1","36",23.000000000000000,12.255946159362793
SumatraSurvey10,"52",N29W28,4/23/2008,"1","39",129.000000000000000,6.660776138305664
SumatraSurvey10,"52",N29W28,4/23/2008,"1","40",129.000000000000000,6.660776138305664
SumatraSurvey10,"35",N29W29,4/23/2008,"0","1",733.000000000000000,1.250470042228699
SumatraSurvey10,"33",N29W31,1/1/2008,"0","1",1283.000000000000000,2.000000000000000
SumatraSurvey10,"31",N29W32,9/15/2008,"0","1",434.000000000000000,9.262444496154785
SumatraSurvey10,"37",N29W34,5/15/2008,"1","29",1872.000000000000000,2.253419637680054
SumatraSurvey10,"46",N29W35,5/21/2008,"1","14",1672.000000000000000,11.000000000000000
SumatraSurvey10,"42",N29W36,7/12/2008,"1","4",1850.000000000000000,2.000000000000000
SumatraSurvey10,"42",N29W36,7/12/2008,"1","20",1850.000000000000000,2.000000000000000
SumatraSurvey10,"61",N29W37,10/19/2008,"0","1",144.000000000000000,9.250009536743164
SumatraSurvey10,"30",N29W38,1/1/2008,"1","14",39.000000000000000,10.259295463562012
SumatraSurvey10,"30",N29W38,1/1/2008,"1","15",39.000000000000000,10.259295463562012
SumatraSurvey10,"17",N30W28,4/23/2008,"1","7",58.000000000000000,14.279920578002930
SumatraSurvey10,"17",N30W28,4/23/2008,"1","8",58.000000000000000,14.279920578002930
SumatraSurvey10,"28",N30W29,4/23/2008,"1","2",61.000000000000000,2.366439819335938
SumatraSurvey10,"28",N30W29,4/23/2008,"1","13",61.000000000000000,2.366439819335938
SumatraSurvey10,"28",N30W30,1/1/2008,"0","1",334.000000000000000,3.250053167343140
SumatraSurvey10,"28",N30W31,1/1/2008,"1","1",1314.000000000000000,2.000000000000000
SumatraSurvey10,"28",N30W31,1/1/2008,"1","2",1314.000000000000000,2.000000000000000
SumatraSurvey10,"28",N30W31,1/1/2008,"1","3",1314.000000000000000,2.000000000000000
SumatraSurvey10,"35",N30W32,1/1/2008,"0","1",432.000000000000000,9.000000000000000
SumatraSurvey10,"26",N30W33,1/1/2008,"0","1",2016.000000000000000,5.253419399261475
SumatraSurvey10,"32",N30W36,1/1/2008,"1","5",1696.000000000000000,2.000000000000000
SumatraSurvey10,"47",N30W37,11/20/2008,"0","1",1027.000000000000000,3.000000000000000
SumatraSurvey10,"48",N30W38,1/1/2008,"1","2",124.000000000000000,11.250012397766113
SumatraSurvey10,"48",N30W38,1/1/2008,"1","29",124.000000000000000,11.250012397766113
SumatraSurvey10,"15",N30W39,1/1/2008,"0","1",80.000000000000000,10.681485176086426
SumatraSurvey10,"39",N30W40,1/1/2008,"1","12",84.000000000000000,12.250537872314453
SumatraSurvey10,"39",N30W40,1/1/2008,"1","14",84.000000000000000,12.250537872314453
SumatraSurvey10,"34",N31W29,1/1/2008,"1","7",113.000000000000000,13.258657455444336
SumatraSurvey10,"34",N31W29,1/1/2008,"1","10",113.000000000000000,13.258657455444336
SumatraSurvey10,"34",N31W29,1/1/2008,"1","13",113.000000000000000,13.258657455444336
SumatraSurvey10,"34",N31W29,1/1/2008,"1","17",113.000000000000000,13.258657455444336
SumatraSurvey10,"34",N31W29,1/1/2008,"1","18",113.000000000000000,13.258657455444336
SumatraSurvey10,"34",N31W29,1/1/2008,"1","19",113.000000000000000,13.258657455444336
SumatraSurvey10,"34",N31W29,1/1/2008,"1","21",113.000000000000000,13.258657455444336
SumatraSurvey10,"34",N31W29,1/1/2008,"1","24",113.000000000000000,13.258657455444336
SumatraSurvey10,"37",N31W30,1/1/2008,"0","1",217.000000000000000,2.000216245651245
SumatraSurvey10,"37",N31W31,1/1/2008,"0","1",641.000000000000000,8.036624908447266
SumatraSurvey10,"39",N31W32,1/1/2008,"1","9",316.000000000000000,8.001007080078125
SumatraSurvey10,"22",N31W33,2/15/2009,"0","1",791.000000000000000,2.250246524810791
SumatraSurvey10,"24",N31W34,1/1/2008,"0","1",1357.000000000000000,15.629548072814941
SumatraSurvey10,"26",N31W36,1/1/2008,"1","6",958.000000000000000,3.000000000000000
SumatraSurvey10,"27",N31W37,1/1/2008,"0","1",1305.000000000000000,1.000000000000000
SumatraSurvey10,"27",N31W38,1/1/2008,"1","3",460.000000000000000,3.000000000000000
SumatraSurvey10,"27",N31W38,1/1/2008,"1","22",460.000000000000000,3.000000000000000
SumatraSurvey10,"26",N31W39,1/1/2008,"1","26",836.000000000000000,2.000000000000000
SumatraSurvey10,"38",N31W40,1/1/2008,"1","22",826.000000000000000,10.000000000000000
SumatraSurvey10,"52",N31W41,1/1/2008,"1","5",350.000000000000000,12.250003814697266
SumatraSurvey10,"52",N31W41,1/1/2008,"1","10",350.000000000000000,12.250003814697266
SumatraSurvey10,"52",N31W41,1/1/2008,"1","32",350.000000000000000,12.250003814697266
SumatraSurvey10,"28",N31W42,1/1/2008,"0","1",76.000000000000000,10.265731811523438
SumatraSurvey10,"20",N32W31,1/1/2008,"1","11",88.000000000000000,7.264620780944824
SumatraSurvey10,"20",N32W31,1/1/2008,"1","15",88.000000000000000,7.264620780944824
SumatraSurvey10,"20",N32W31,1/1/2008,"1","19",88.000000000000000,7.264620780944824
SumatraSurvey10,"50",N32W32,11/20/2008,"1","29",410.000000000000000,7.000000000000000
SumatraSurvey10,"50",N32W32,11/20/2008,"1","30",410.000000000000000,7.000000000000000
SumatraSurvey10,"38",N32W36,1/1/2008,"0","1",839.000000000000000,2.000000000000000
SumatraSurvey10,"23",N32W37,1/1/2008,"1","1",1307.000000000000000,3.000000000000000
SumatraSurvey10,"25",N32W38,1/1/2008,"1","9",1701.000000000000000,2.000000000000000
SumatraSurvey10,"25",N32W38,1/1/2008,"1","22",1701.000000000000000,2.000000000000000
SumatraSurvey10,"19",N32W40,1/1/2008,"0","1",600.000000000000000,3.250298023223877
SumatraSurvey10,"41",N32W41,1/1/2008,"0","1",309.000000000000000,1.000000000000000
SumatraSurvey10,"22",N32W42,1/1/2008,"0","1",404.000000000000000,2.250246524810791
SumatraSurvey10,"19",N32W43,1/1/2008,"1","4",16.000000000000000,15.052433013916016
SumatraSurvey10,"28",N33W36,1/1/2008,"1","16",834.000000000000000,2.250060081481934
SumatraSurvey10,"33",N33W38,1/1/2008,"1","4",1369.000000000000000,4.000000000000000
SumatraSurvey10,"33",N33W38,1/1/2008,"1","18",1369.000000000000000,4.000000000000000
SumatraSurvey10,"38",N33W39,1/1/2008,"1","1",1620.000000000000000,3.250087738037109
SumatraSurvey10,"38",N33W39,1/1/2008,"1","7",1620.000000000000000,3.250087738037109
SumatraSurvey10,"38",N33W39,1/1/2008,"1","8",1620.000000000000000,3.250087738037109
SumatraSurvey10,"38",N33W39,1/1/2008,"1","9",1620.000000000000000,3.250087738037109
SumatraSurvey10,"38",N33W39,1/1/2008,"1","10",1620.000000000000000,3.250087738037109
SumatraSurvey10,"38",N33W39,1/1/2008,"1","11",1620.000000000000000,3.250087738037109
SumatraSurvey10,"38",N33W39,1/1/2008,"1","17",1620.000000000000000,3.250087738037109
SumatraSurvey10,"38",N33W39,1/1/2008,"1","18",1620.000000000000000,3.250087738037109
SumatraSurvey10,"23",N33W40,1/1/2008,"1","1",640.000000000000000,11.339466094970703
SumatraSurvey10,"23",N33W40,1/1/2008,"1","4",640.000000000000000,11.339466094970703
SumatraSurvey10,"28",N33W41,1/1/2008,"1","8",1243.000000000000000,3.250298023223877
SumatraSurvey10,"28",N33W41,1/1/2008,"1","14",1243.000000000000000,3.250298023223877
SumatraSurvey10,"31",N33W42,1/1/2008,"1","14",933.000000000000000,5.000000000000000
SumatraSurvey10,"31",N33W42,1/1/2008,"1","15",933.000000000000000,5.000000000000000
SumatraSurvey10,"31",N33W42,1/1/2008,"1","16",933.000000000000000,5.000000000000000
SumatraSurvey10,"31",N33W42,1/1/2008,"1","17",933.000000000000000,5.000000000000000
SumatraSurvey10,"31",N33W42,1/1/2008,"1","20",933.000000000000000,5.000000000000000
SumatraSurvey10,"31",N33W42,1/1/2008,"1","24",933.000000000000000,5.000000000000000
SumatraSurvey10,"13",N33W43,1/1/2008,"0","1",424.000000000000000,3.250113725662231
SumatraSurvey10,"37",N33W44,1/1/2008,"1","14",0.000000000000000,nan
SumatraSurvey10,"37",N33W44,1/1/2008,"1","15",0.000000000000000,nan
SumatraSurvey10,"21",N34W36,1/1/2008,"0","1",30.000000000000000,15.320698738098145
SumatraSurvey10,"39",N34W37,1/1/2008,"1","22",101.000000000000000,15.318286895751953
SumatraSurvey10,"28",N34W38,1/1/2008,"1","2",138.000000000000000,7.259345054626465
SumatraSurvey10,"28",N34W38,1/1/2008,"1","16",138.000000000000000,7.259345054626465
SumatraSurvey10,"30",N34W39,1/1/2008,"0","1",398.000000000000000,6.250060081481934
SumatraSurvey10,"29",N34W40,1/1/2008,"1","10",542.000000000000000,13.262444496154785
SumatraSurvey10,"29",N34W40,1/1/2008,"1","11",542.000000000000000,13.262444496154785
SumatraSurvey10,"29",N34W40,1/1/2008,"1","13",542.000000000000000,13.262444496154785
SumatraSurvey10,"36",N34W42,1/1/2008,"1","2",1492.000000000000000,4.000000000000000
SumatraSurvey10,"36",N34W42,1/1/2008,"1","21",1492.000000000000000,4.000000000000000
SumatraSurvey10,"21",N34W44,1/1/2008,"1","10",19.000000000000000,15.071489334106445
SumatraSurvey10,"33",N35W41,1/1/2008,"1","18",270.000000000000000,7.285611152648926
SumatraSurvey10,"33",N35W41,1/1/2008,"1","19",270.000000000000000,7.285611152648926
SumatraSurvey10,"33",N35W41,1/1/2008,"1","20",270.000000000000000,7.285611152648926
SumatraSurvey10,"36",N35W42,1/1/2008,"1","13",113.000000000000000,14.728223800659180
SumatraSurvey10,"36",N35W42,1/1/2008,"1","18",113.000000000000000,14.728223800659180
SumatraSurvey10,"33",N35W43,1/1/2008,"1","9",235.000000000000000,14.251984596252441
SumatraSurvey10,"30",N36W41,1/1/2008,"0","1",230.000000000000000,16.002014160156250
SumatraSurvey10,"35",N36W42,1/1/2008,"0","1",1343.000000000000000,5.273260116577148
SumatraSurvey10,"22",N36W43,1/1/2008,"1","11",64.000000000000000,15.415076255798340
SumatraSurvey10,"22",N36W43,1/1/2008,"1","13",64.000000000000000,15.415076255798340
SumatraSurvey10,"30",N36W44,1/1/2008,"0","1",203.000000000000000,17.630235671997070
SumatraSurvey10,"40",S01E04,1/1/2008,"1","35",22.000000000000000,3.000000000000000
SumatraSurvey10,"40",S01W02,1/1/2008,"0","1",82.000000000000000,3.257526397705078
SumatraSurvey10,"40",S01W03,1/1/2008,"0","1",89.000000000000000,2.250462770462036
SumatraSurvey10,"40",S02E04,1/1/2008,"1","21",37.000000000000000,3.250194549560547
SumatraSurvey10,"40",S02E04,1/1/2008,"1","22",37.000000000000000,3.250194549560547
SumatraSurvey10,"40",S02E04,1/1/2008,"1","25",37.000000000000000,3.250194549560547
SumatraSurvey10,"40",S02E04,1/1/2008,"1","28",37.000000000000000,3.250194549560547
SumatraSurvey10,"40",S02E04,1/1/2008,"1","30",37.000000000000000,3.250194549560547
SumatraSurvey10,"40",S02W01,1/1/2008,"1","15",68.000000000000000,8.250246047973633
SumatraSurvey10,"40",S02W01,1/1/2008,"1","16",68.000000000000000,8.250246047973633
SumatraSurvey10,"40",S02W01,1/1/2008,"1","17",68.000000000000000,8.250246047973633
SumatraSurvey10,"40",S02W01,1/1/2008,"1","18",68.000000000000000,8.250246047973633
SumatraSurvey10,"40",S02W01,1/1/2008,"1","21",68.000000000000000,8.250246047973633
SumatraSurvey10,"40",S02W01,1/1/2008,"1","23",68.000000000000000,8.250246047973633
SumatraSurvey10,"40",S02W01,1/1/2008,"1","24",68.000000000000000,8.250246047973633
SumatraSurvey10,"40",S02W01,1/1/2008,"1","25",68.000000000000000,8.250246047973633
SumatraSurvey10,"40",S02W01,1/1/2008,"1","30",68.000000000000000,8.250246047973633
SumatraSurvey10,"40",S02W01,1/1/2008,"1","31",68.000000000000000,8.250246047973633
SumatraSurvey10,"40",S02W01,1/1/2008,"1","37",68.000000000000000,8.250246047973633
SumatraSurvey10,"40",S02W01,1/1/2008,"1","38",68.000000000000000,8.250246047973633
SumatraSurvey10,"40",S02W01,1/1/2008,"1","39",68.000000000000000,8.250246047973633
SumatraSurvey10,"40",S02W01,1/1/2008,"1","40",68.000000000000000,8.250246047973633
SumatraSurvey10,"40",S02W02,1/1/2008,"0","1",129.000000000000000,1.250113964080811
SumatraSurvey10,"40",S02W06,1/1/2008,"1","4",249.000000000000000,5.250538349151611
SumatraSurvey10,"40",S02W06,1/1/2008,"1","25",249.000000000000000,5.250538349151611
SumatraSurvey10,"40",S02W06,1/1/2008,"1","31",249.000000000000000,5.250538349151611
SumatraSurvey10,"40",S02W07,1/1/2008,"1","6",228.000000000000000,4.279921054840088
SumatraSurvey10,"40",S02W08,1/1/2008,"0","1",533.000000000000000,3.252673149108887
SumatraSurvey10,"40",S03W05,1/1/2008,"1","3",83.000000000000000,4.852497577667236
SumatraSurvey10,"40",S03W05,1/1/2008,"1","37",83.000000000000000,4.852497577667236
SumatraSurvey10,"40",S03W06,1/1/2008,"1","3",384.000000000000000,2.000000000000000
SumatraSurvey10,"40",S03W06,1/1/2008,"1","4",384.000000000000000,2.000000000000000
SumatraSurvey10,"40",S03W06,1/1/2008,"1","10",384.000000000000000,2.000000000000000
SumatraSurvey10,"40",S03W06,1/1/2008,"1","13",384.000000000000000,2.000000000000000
SumatraSurvey10,"40",S03W06,1/1/2008,"1","25",384.000000000000000,2.000000000000000
SumatraSurvey10,"40",S03W06,1/1/2008,"1","36",384.000000000000000,2.000000000000000
SumatraSurvey10,"40",S04W05,1/1/2008,"1","1",155.000000000000000,3.687875986099243
SumatraSurvey10,"40",S04W05,1/1/2008,"1","2",155.000000000000000,3.687875986099243
SumatraSurvey10,"40",S04W05,1/1/2008,"1","6",155.000000000000000,3.687875986099243
SumatraSurvey10,"40",S04W05,1/1/2008,"1","10",155.000000000000000,3.687875986099243
SumatraSurvey10,"40",S04W05,1/1/2008,"1","15",155.000000000000000,3.687875986099243
SumatraSurvey10,"40",S04W05,1/1/2008,"1","16",155.000000000000000,3.687875986099243
SumatraSurvey10,"40",S04W05,1/1/2008,"1","18",155.000000000000000,3.687875986099243
SumatraSurvey10,"40",S04W05,1/1/2008,"1","27",155.000000000000000,3.687875986099243
SumatraSurvey10,"40",S04W05,1/1/2008,"1","36",155.000000000000000,3.687875986099243
SumatraSurvey10,"52",S04W06,1/1/2008,"1","9",441.000000000000000,2.323474168777466
SumatraSurvey10,"52",S04W06,1/1/2008,"1","17",441.000000000000000,2.323474168777466
SumatraSurvey10,"52",S04W06,1/1/2008,"1","21",441.000000000000000,2.323474168777466
SumatraSurvey10,"52",S04W06,1/1/2008,"1","22",441.000000000000000,2.323474168777466
SumatraSurvey10,"52",S04W06,1/1/2008,"1","23",441.000000000000000,2.323474168777466
SumatraSurvey10,"52",S04W06,1/1/2008,"1","40",441.000000000000000,2.323474168777466
SumatraSurvey10,"40",S05W04,1/1/2008,"1","19",120.000000000000000,22.357576370239258
SumatraSurvey10,"40",S05W04,1/1/2008,"1","20",120.000000000000000,22.357576370239258
SumatraSurvey10,"20",S05W05,1/1/2008,"1","1",166.000000000000000,11.290622711181641
SumatraSurvey10,"20",S05W05,1/1/2008,"1","17",166.000000000000000,11.290622711181641
SumatraSurvey10,"33",S05W06,1/1/2008,"0","1",515.000000000000000,19.071489334106445
SumatraSurvey10,"20",S05W07,1/1/2008,"0","1",295.000000000000000,23.052433013916016
SumatraSurvey10,"40",S06E01,1/1/2008,"1","16",139.000000000000000,5.275267124176025
SumatraSurvey10,"40",S06E01,1/1/2008,"1","25",139.000000000000000,5.275267124176025
SumatraSurvey10,"40",S06E01,1/1/2008,"1","38",139.000000000000000,5.275267124176025
SumatraSurvey10,"85",S06E02,1/1/2008,"1","10",141.000000000000000,9.000000000000000
SumatraSurvey10,"85",S06E02,1/1/2008,"1","32",141.000000000000000,9.000000000000000
SumatraSurvey10,"85",S06E02,1/1/2008,"1","51",141.000000000000000,9.000000000000000
SumatraSurvey10,"67",S06E03,1/1/2008,"1","3",188.000000000000000,2.258657693862915
SumatraSurvey10,"67",S06E03,1/1/2008,"1","6",188.000000000000000,2.258657693862915
SumatraSurvey10,"67",S06E03,1/1/2008,"1","10",188.000000000000000,2.258657693862915
SumatraSurvey10,"67",S06E03,1/1/2008,"1","16",188.000000000000000,2.258657693862915
SumatraSurvey10,"67",S06E03,1/1/2008,"1","17",188.000000000000000,2.258657693862915
SumatraSurvey10,"67",S06E03,1/1/2008,"1","28",188.000000000000000,2.258657693862915
SumatraSurvey10,"67",S06E03,1/1/2008,"1","29",188.000000000000000,2.258657693862915
SumatraSurvey10,"40",S06W01,1/1/2008,"0","1",132.000000000000000,3.253419637680054
SumatraSurvey10,"40",S06W03,1/1/2008,"0","1",165.000000000000000,4.527098178863525
SumatraSurvey10,"40",S06W04,1/1/2008,"0","1",118.000000000000000,13.396732330322266
SumatraSurvey10,"11",S06W05,1/1/2008,"0","1",514.000000000000000,16.000000000000000
SumatraSurvey10,"11",S06W06,1/1/2008,"1","7",615.000000000000000,5.396477222442627
SumatraSurvey10,"11",S06W06,1/1/2008,"1","10",615.000000000000000,5.396477222442627
SumatraSurvey10,"27",S06W07,1/1/2008,"1","1",359.000000000000000,13.415076255798340
SumatraSurvey10,"27",S06W07,1/1/2008,"1","2",359.000000000000000,13.415076255798340
SumatraSurvey10,"27",S06W07,1/1/2008,"1","4",359.000000000000000,13.415076255798340
SumatraSurvey10,"27",S06W07,1/1/2008,"1","6",359.000000000000000,13.415076255798340
SumatraSurvey10,"16",S06W08,1/1/2008,"0","1",740.000000000000000,13.728223800659180
SumatraSurvey10,"40",S07E01,1/1/2008,"1","37",133.000000000000000,3.275267362594604
SumatraSurvey10,"96",S07E02,1/1/2008,"1","37",121.000000000000000,11.396477699279785
SumatraSurvey10,"96",S07E02,1/1/2008,"1","66",121.000000000000000,11.396477699279785
SumatraSurvey10,"96",S07E02,1/1/2008,"1","78",121.000000000000000,11.396477699279785
SumatraSurvey10,"40",S07E03,1/1/2008,"1","28",695.000000000000000,9.250170707702637
SumatraSurvey10,"40",S07E04,1/1/2008,"1","4",180.000000000000000,18.000000000000000
SumatraSurvey10,"40",S07E04,1/1/2008,"1","9",180.000000000000000,18.000000000000000
SumatraSurvey10,"40",S07E04,1/1/2008,"1","12",180.000000000000000,18.000000000000000
SumatraSurvey10,"40",S07E04,1/1/2008,"1","31",180.000000000000000,18.000000000000000
SumatraSurvey10,"40",S07W01,1/1/2008,"0","1",113.000000000000000,3.250466108322144
SumatraSurvey10,"9",S07W04,1/1/2008,"0","1",197.000000000000000,13.676259994506836
SumatraSurvey10,"8",S07W05,1/1/2008,"0","1",162.000000000000000,3.275434017181396
SumatraSurvey10,"28",S07W06,1/1/2008,"1","1",361.000000000000000,5.728223800659180
SumatraSurvey10,"28",S07W06,1/1/2008,"1","17",361.000000000000000,5.728223800659180
SumatraSurvey10,"43",S07W07,1/1/2008,"0","1",1032.000000000000000,2.318683624267578
SumatraSurvey10,"26",S07W08,1/1/2008,"0","1",1368.000000000000000,9.000000000000000
SumatraSurvey10,"13",S07W09,1/1/2008,"0","1",1811.000000000000000,15.318683624267578
SumatraSurvey10,"7",S07W10,1/1/2008,"0","1",855.000000000000000,6.415075778961182
SumatraSurvey10,"98",S08E03,1/1/2008,"0","1",97.000000000000000,10.250057220458984
SumatraSurvey10,"40",S08E04,1/1/2008,"1","10",113.000000000000000,17.000000000000000
SumatraSurvey10,"40",S08E04,1/1/2008,"1","11",113.000000000000000,17.000000000000000
SumatraSurvey10,"40",S08E05,1/1/2008,"1","3",289.000000000000000,10.339466094970703
SumatraSurvey10,"40",S08E05,1/1/2008,"1","5",289.000000000000000,10.339466094970703
SumatraSurvey10,"40",S08E05,1/1/2008,"1","6",289.000000000000000,10.339466094970703
SumatraSurvey10,"40",S08E05,1/1/2008,"1","10",289.000000000000000,10.339466094970703
SumatraSurvey10,"40",S08E05,1/1/2008,"1","11",289.000000000000000,10.339466094970703
SumatraSurvey10,"40",S08E05,1/1/2008,"1","15",289.000000000000000,10.339466094970703
SumatraSurvey10,"40",S08E05,1/1/2008,"1","16",289.000000000000000,10.339466094970703
SumatraSurvey10,"40",S08E05,1/1/2008,"1","32",289.000000000000000,10.339466094970703
SumatraSurvey10,"40",S08E05,1/1/2008,"1","35",289.000000000000000,10.339466094970703
SumatraSurvey10,"40",S08E05,1/1/2008,"1","37",289.000000000000000,10.339466094970703
SumatraSurvey10,"40",S08E06,1/1/2008,"1","6",178.000000000000000,10.250062942504883
SumatraSurvey10,"40",S08E06,1/1/2008,"1","21",178.000000000000000,10.250062942504883
SumatraSurvey10,"8",S08W03,1/1/2008,"0","1",101.000000000000000,13.629548072814941
SumatraSurvey10,"44",S08W04,1/1/2008,"1","1",202.000000000000000,4.250691413879395
SumatraSurvey10,"44",S08W04,1/1/2008,"1","34",202.000000000000000,4.250691413879395
SumatraSurvey10,"44",S08W04,1/1/2008,"1","38",202.000000000000000,4.250691413879395
SumatraSurvey10,"31",S08W05,1/1/2008,"1","1",220.000000000000000,3.586069345474243
SumatraSurvey10,"60",S08W06,1/1/2008,"1","1",437.000000000000000,1.318683624267578
SumatraSurvey10,"60",S08W06,1/1/2008,"1","32",437.000000000000000,1.318683624267578
SumatraSurvey10,"60",S08W06,1/1/2008,"1","33",437.000000000000000,1.318683624267578
SumatraSurvey10,"60",S08W06,1/1/2008,"1","34",437.000000000000000,1.318683624267578
SumatraSurvey10,"60",S08W06,1/1/2008,"1","36",437.000000000000000,1.318683624267578
SumatraSurvey10,"60",S08W06,1/1/2008,"1","56",437.000000000000000,1.318683624267578
SumatraSurvey10,"56",S08W07,1/1/2008,"1","1",1128.000000000000000,4.396477222442627
SumatraSurvey10,"56",S08W07,1/1/2008,"1","37",1128.000000000000000,4.396477222442627
SumatraSurvey10,"56",S08W07,1/1/2008,"1","38",1128.000000000000000,4.396477222442627
SumatraSurvey10,"56",S08W07,1/1/2008,"1","39",1128.000000000000000,4.396477222442627
SumatraSurvey10,"15",S08W08,1/1/2008,"0","1",2016.000000000000000,6.526984214782715
SumatraSurvey10,"54",S08W09,1/1/2008,"1","10",1263.000000000000000,5.629548072814941
SumatraSurvey10,"54",S08W09,1/1/2008,"1","15",1263.000000000000000,5.629548072814941
SumatraSurvey10,"54",S08W09,1/1/2008,"1","36",1263.000000000000000,5.629548072814941
SumatraSurvey10,"54",S08W09,1/1/2008,"1","39",1263.000000000000000,5.629548072814941
SumatraSurvey10,"54",S08W09,1/1/2008,"1","41",1263.000000000000000,5.629548072814941
SumatraSurvey10,"54",S08W09,1/1/2008,"1","44",1263.000000000000000,5.629548072814941
SumatraSurvey10,"54",S08W09,1/1/2008,"1","49",1263.000000000000000,5.629548072814941
SumatraSurvey10,"54",S08W09,1/1/2008,"1","51",1263.000000000000000,5.629548072814941
SumatraSurvey10,"26",S08W10,1/1/2008,"1","13",1016.000000000000000,6.279953479766846
SumatraSurvey10,"11",S08W11,1/1/2008,"1","8",435.000000000000000,6.418828010559082
SumatraSurvey10,"98",S09E04,1/1/2008,"1","9",90.000000000000000,11.757577896118164
SumatraSurvey10,"98",S09E04,1/1/2008,"1","10",90.000000000000000,11.757577896118164
SumatraSurvey10,"98",S09E04,1/1/2008,"1","13",90.000000000000000,11.757577896118164
SumatraSurvey10,"89",S09E05,1/1/2008,"1","3",138.000000000000000,6.728223800659180
SumatraSurvey10,"89",S09E05,1/1/2008,"1","4",138.000000000000000,6.728223800659180
SumatraSurvey10,"89",S09E05,1/1/2008,"1","5",138.000000000000000,6.728223800659180
SumatraSurvey10,"89",S09E05,1/1/2008,"1","18",138.000000000000000,6.728223800659180
SumatraSurvey10,"40",S09E15,1/1/2008,"1","14",29.000000000000000,5.001442909240723
SumatraSurvey10,"40",S09E15,1/1/2008,"1","17",29.000000000000000,5.001442909240723
SumatraSurvey10,"40",S09E15,1/1/2008,"1","18",29.000000000000000,5.001442909240723
SumatraSurvey10,"40",S09E15,1/1/2008,"1","37",29.000000000000000,5.001442909240723
SumatraSurvey10,"79",S09E16,1/1/2008,"1","40",28.000000000000000,4.013498306274414
SumatraSurvey10,"79",S09E16,1/1/2008,"1","47",28.000000000000000,4.013498306274414
SumatraSurvey10,"79",S09E16,1/1/2008,"1","53",28.000000000000000,4.013498306274414
SumatraSurvey10,"79",S09E16,1/1/2008,"1","55",28.000000000000000,4.013498306274414
SumatraSurvey10,"79",S09E16,1/1/2008,"1","56",28.000000000000000,4.013498306274414
SumatraSurvey10,"79",S09E16,1/1/2008,"1","79",28.000000000000000,4.013498306274414
SumatraSurvey10,"11",S09W03,1/1/2008,"0","1",149.000000000000000,9.262444496154785
SumatraSurvey10,"12",S09W04,1/1/2008,"1","1",299.000000000000000,12.629580497741699
SumatraSurvey10,"12",S09W04,1/1/2008,"1","8",299.000000000000000,12.629580497741699
SumatraSurvey10,"51",S09W05,1/1/2008,"1","1",280.000000000000000,4.789432048797607
SumatraSurvey10,"51",S09W05,1/1/2008,"1","12",280.000000000000000,4.789432048797607
SumatraSurvey10,"51",S09W05,1/1/2008,"1","30",280.000000000000000,4.789432048797607
SumatraSurvey10,"51",S09W05,1/1/2008,"1","39",280.000000000000000,4.789432048797607
SumatraSurvey10,"57",S09W06,1/1/2008,"1","1",593.000000000000000,5.616234302520752
SumatraSurvey10,"57",S09W06,1/1/2008,"1","19",593.000000000000000,5.616234302520752
SumatraSurvey10,"57",S09W06,1/1/2008,"1","20",593.000000000000000,5.616234302520752
SumatraSurvey10,"57",S09W06,1/1/2008,"1","24",593.000000000000000,5.616234302520752
SumatraSurvey10,"57",S09W06,1/1/2008,"1","27",593.000000000000000,5.616234302520752
SumatraSurvey10,"57",S09W06,1/1/2008,"1","37",593.000000000000000,5.616234302520752
SumatraSurvey10,"57",S09W06,1/1/2008,"1","38",593.000000000000000,5.616234302520752
SumatraSurvey10,"57",S09W06,1/1/2008,"1","44",593.000000000000000,5.616234302520752
SumatraSurvey10,"57",S09W06,1/1/2008,"1","47",593.000000000000000,5.616234302520752
SumatraSurvey10,"57",S09W06,1/1/2008,"1","55",593.000000000000000,5.616234302520752
SumatraSurvey10,"57",S09W06,1/1/2008,"1","56",593.000000000000000,5.616234302520752
SumatraSurvey10,"32",S09W07,1/1/2008,"0","1",1179.000000000000000,5.279921054840088
SumatraSurvey10,"40",S09W08,1/1/2008,"0","1",2008.000000000000000,10.000000000000000
SumatraSurvey10,"26",S09W09,1/1/2008,"1","8",661.000000000000000,5.251009941101074
SumatraSurvey10,"26",S09W09,1/1/2008,"1","14",661.000000000000000,5.251009941101074
SumatraSurvey10,"26",S09W09,1/1/2008,"1","24",661.000000000000000,5.251009941101074
SumatraSurvey10,"51",S10E15,1/1/2008,"1","19",27.000000000000000,3.000000000000000
SumatraSurvey10,"51",S10E15,1/1/2008,"1","21",27.000000000000000,3.000000000000000
SumatraSurvey10,"51",S10E15,1/1/2008,"1","22",27.000000000000000,3.000000000000000
SumatraSurvey10,"51",S10E15,1/1/2008,"1","32",27.000000000000000,3.000000000000000
SumatraSurvey10,"51",S10E15,1/1/2008,"1","35",27.000000000000000,3.000000000000000
SumatraSurvey10,"51",S10E15,1/1/2008,"1","49",27.000000000000000,3.000000000000000
SumatraSurvey10,"63",S10E16,1/1/2008,"1","2",32.000000000000000,3.013498067855835
SumatraSurvey10,"63",S10E16,1/1/2008,"1","6",32.000000000000000,3.013498067855835
SumatraSurvey10,"63",S10E16,1/1/2008,"1","7",32.000000000000000,3.013498067855835
SumatraSurvey10,"63",S10E16,1/1/2008,"1","8",32.000000000000000,3.013498067855835
SumatraSurvey10,"63",S10E16,1/1/2008,"1","9",32.000000000000000,3.013498067855835
SumatraSurvey10,"63",S10E16,1/1/2008,"1","10",32.000000000000000,3.013498067855835
SumatraSurvey10,"63",S10E16,1/1/2008,"1","11",32.000000000000000,3.013498067855835
SumatraSurvey10,"63",S10E16,1/1/2008,"1","12",32.000000000000000,3.013498067855835
SumatraSurvey10,"63",S10E16,1/1/2008,"1","13",32.000000000000000,3.013498067855835
SumatraSurvey10,"63",S10E16,1/1/2008,"1","14",32.000000000000000,3.013498067855835
SumatraSurvey10,"63",S10E16,1/1/2008,"1","15",32.000000000000000,3.013498067855835
SumatraSurvey10,"63",S10E16,1/1/2008,"1","16",32.000000000000000,3.013498067855835
SumatraSurvey10,"63",S10E16,1/1/2008,"1","17",32.000000000000000,3.013498067855835
SumatraSurvey10,"63",S10E16,1/1/2008,"1","35",32.000000000000000,3.013498067855835
SumatraSurvey10,"63",S10E16,1/1/2008,"1","38",32.000000000000000,3.013498067855835
SumatraSurvey10,"63",S10E16,1/1/2008,"1","63",32.000000000000000,3.013498067855835
SumatraSurvey10,"1",S10W04,1/1/2008,"0","1",304.000000000000000,15.000000000000000
SumatraSurvey10,"39",S10W05,1/1/2008,"0","1",459.000000000000000,16.000000000000000
SumatraSurvey10,"21",S10W06,1/1/2008,"1","1",717.000000000000000,12.250246047973633
SumatraSurvey10,"21",S10W06,1/1/2008,"1","14",717.000000000000000,12.250246047973633
SumatraSurvey10,"20",S10W07,1/1/2008,"1","7",714.000000000000000,21.000000000000000
SumatraSurvey10,"40",S10W08,1/1/2008,"1","12",1126.000000000000000,2.250016450881958
SumatraSurvey10,"40",S10W08,1/1/2008,"1","38",1126.000000000000000,2.250016450881958
SumatraSurvey10,"19",S10W09,1/1/2008,"1","3",313.000000000000000,9.001442909240723
SumatraSurvey10,"19",S10W09,1/1/2008,"1","4",313.000000000000000,9.001442909240723
SumatraSurvey10,"19",S10W09,1/1/2008,"1","12",313.000000000000000,9.001442909240723
SumatraSurvey10,"19",S10W09,1/1/2008,"1","16",313.000000000000000,9.001442909240723
SumatraSurvey10,"19",S10W09,1/1/2008,"1","17",313.000000000000000,9.001442909240723
SumatraSurvey10,"15",S11E15,1/1/2008,"1","4",18.000000000000000,3.000000000000000
SumatraSurvey10,"45",S11E16,1/1/2008,"0","1",12.000000000000000,2.002394676208496
SumatraSurvey10,"21",S11W02,1/1/2008,"1","8",174.000000000000000,4.339466571807861
SumatraSurvey10,"21",S11W02,1/1/2008,"1","15",174.000000000000000,4.339466571807861
SumatraSurvey10,"11",S11W03,1/1/2008,"1","9",351.000000000000000,10.285611152648926
SumatraSurvey10,"62",S11W04,1/1/2008,"1","21",769.000000000000000,10.253419876098633
SumatraSurvey10,"62",S11W04,1/1/2008,"1","25",769.000000000000000,10.253419876098633
SumatraSurvey10,"62",S11W04,1/1/2008,"1","33",769.000000000000000,10.253419876098633
SumatraSurvey10,"62",S11W04,1/1/2008,"1","43",769.000000000000000,10.253419876098633
SumatraSurvey10,"62",S11W04,1/1/2008,"1","52",769.000000000000000,10.253419876098633
SumatraSurvey10,"62",S11W04,1/1/2008,"1","54",769.000000000000000,10.253419876098633
SumatraSurvey10,"62",S11W04,1/1/2008,"1","56",769.000000000000000,10.253419876098633
SumatraSurvey10,"62",S11W04,1/1/2008,"1","61",769.000000000000000,10.253419876098633
SumatraSurvey10,"23",S11W05,1/1/2008,"1","5",925.000000000000000,5.251009941101074
SumatraSurvey10,"23",S11W05,1/1/2008,"1","15",925.000000000000000,5.251009941101074
SumatraSurvey10,"23",S11W05,1/1/2008,"1","19",925.000000000000000,5.251009941101074
SumatraSurvey10,"35",S11W06,1/1/2008,"1","13",1139.000000000000000,8.000000000000000
SumatraSurvey10,"35",S11W06,1/1/2008,"1","17",1139.000000000000000,8.000000000000000
SumatraSurvey10,"35",S11W06,1/1/2008,"1","19",1139.000000000000000,8.000000000000000
SumatraSurvey10,"35",S11W06,1/1/2008,"1","32",1139.000000000000000,8.000000000000000
SumatraSurvey10,"46",S11W07,1/1/2008,"1","17",1822.000000000000000,4.250124454498291
SumatraSurvey10,"46",S11W07,1/1/2008,"1","20",1822.000000000000000,4.250124454498291
SumatraSurvey10,"32",S11W08,1/1/2008,"1","13",698.000000000000000,6.000000000000000
SumatraSurvey10,"32",S11W08,1/1/2008,"1","28",698.000000000000000,6.000000000000000
SumatraSurvey10,"16",S12E01,1/1/2008,"0","1",190.000000000000000,2.681485176086426
SumatraSurvey10,"66",S12E04,1/1/2008,"0","1",94.000000000000000,5.252058506011963
SumatraSurvey10,"46",S12E05,1/1/2008,"1","35",58.000000000000000,12.701037406921387
SumatraSurvey10,"45",S12E06,1/1/2008,"0","1",94.000000000000000,11.293343544006348
SumatraSurvey10,"45",S12W01,1/1/2008,"1","8",835.000000000000000,12.728223800659180
SumatraSurvey10,"45",S12W01,1/1/2008,"1","9",835.000000000000000,12.728223800659180
SumatraSurvey10,"45",S12W01,1/1/2008,"1","18",835.000000000000000,12.728223800659180
SumatraSurvey10,"45",S12W01,1/1/2008,"1","23",835.000000000000000,12.728223800659180
SumatraSurvey10,"45",S12W01,1/1/2008,"1","32",835.000000000000000,12.728223800659180
SumatraSurvey10,"34",S12W02,1/1/2008,"0","1",852.000000000000000,3.254134178161621
SumatraSurvey10,"44",S12W03,1/1/2008,"1","6",1683.000000000000000,3.000000000000000
SumatraSurvey10,"44",S12W03,1/1/2008,"1","9",1683.000000000000000,3.000000000000000
SumatraSurvey10,"44",S12W03,1/1/2008,"1","19",1683.000000000000000,3.000000000000000
SumatraSurvey10,"44",S12W03,1/1/2008,"1","33",1683.000000000000000,3.000000000000000
SumatraSurvey10,"30",S12W04,1/1/2008,"1","9",1459.000000000000000,7.000000000000000
SumatraSurvey10,"30",S12W04,1/1/2008,"1","22",1459.000000000000000,7.000000000000000
SumatraSurvey10,"3",S12W05,1/1/2008,"0","1",1428.000000000000000,15.681485176086426
SumatraSurvey10,"54",S12W06,1/1/2008,"1","30",1469.000000000000000,0.251330077648163
SumatraSurvey10,"35",S12W07,1/1/2008,"1","25",1106.000000000000000,5.000000000000000
SumatraSurvey10,"35",S12W07,1/1/2008,"1","26",1106.000000000000000,5.000000000000000
SumatraSurvey10,"35",S12W07,1/1/2008,"1","30",1106.000000000000000,5.000000000000000
SumatraSurvey10,"35",S12W07,1/1/2008,"1","33",1106.000000000000000,5.000000000000000
SumatraSurvey10,"35",S12W07,1/1/2008,"1","34",1106.000000000000000,5.000000000000000
SumatraSurvey10,"62",S13E04,1/1/2008,"0","1",63.000000000000000,11.273285865783691
SumatraSurvey10,"56",S13E05,1/1/2008,"1","30",182.000000000000000,2.526983976364136
SumatraSurvey10,"61",S13E06,1/1/2008,"0","1",68.000000000000000,10.250008583068848
SumatraSurvey10,"13",S13W01,1/1/2008,"1","1",246.000000000000000,18.000000000000000
SumatraSurvey10,"13",S13W01,1/1/2008,"1","3",246.000000000000000,18.000000000000000
SumatraSurvey10,"13",S13W01,1/1/2008,"1","6",246.000000000000000,18.000000000000000
SumatraSurvey10,"13",S13W01,1/1/2008,"1","7",246.000000000000000,18.000000000000000
SumatraSurvey10,"13",S13W01,1/1/2008,"1","8",246.000000000000000,18.000000000000000
SumatraSurvey10,"13",S13W01,1/1/2008,"1","12",246.000000000000000,18.000000000000000
SumatraSurvey10,"37",S13W02,1/1/2008,"1","2",1210.000000000000000,4.757507324218750
SumatraSurvey10,"37",S13W02,1/1/2008,"1","8",1210.000000000000000,4.757507324218750
SumatraSurvey10,"37",S13W02,1/1/2008,"1","9",1210.000000000000000,4.757507324218750
SumatraSurvey10,"37",S13W02,1/1/2008,"1","14",1210.000000000000000,4.757507324218750
SumatraSurvey10,"37",S13W02,1/1/2008,"1","17",1210.000000000000000,4.757507324218750
SumatraSurvey10,"37",S13W02,1/1/2008,"1","25",1210.000000000000000,4.757507324218750
SumatraSurvey10,"37",S13W02,1/1/2008,"1","37",1210.000000000000000,4.757507324218750
SumatraSurvey10,"49",S13W03,1/1/2008,"1","15",1564.000000000000000,2.250084161758423
SumatraSurvey10,"49",S13W03,1/1/2008,"1","16",1564.000000000000000,2.250084161758423
SumatraSurvey10,"61",S13W04,1/1/2008,"1","24",1413.000000000000000,11.250123977661133
SumatraSurvey10,"61",S13W04,1/1/2008,"1","25",1413.000000000000000,11.250123977661133
SumatraSurvey10,"61",S13W04,1/1/2008,"1","40",1413.000000000000000,11.250123977661133
SumatraSurvey10,"61",S13W04,1/1/2008,"1","41",1413.000000000000000,11.250123977661133
SumatraSurvey10,"61",S13W04,1/1/2008,"1","42",1413.000000000000000,11.250123977661133
SumatraSurvey10,"61",S13W04,1/1/2008,"1","44",1413.000000000000000,11.250123977661133
SumatraSurvey10,"61",S13W04,1/1/2008,"1","52",1413.000000000000000,11.250123977661133
SumatraSurvey10,"9",S13W05,1/1/2008,"1","2",1004.000000000000000,23.000000000000000
SumatraSurvey10,"9",S13W05,1/1/2008,"1","9",1004.000000000000000,23.000000000000000
SumatraSurvey10,"40",S13W06,1/1/2008,"1","3",1046.000000000000000,4.250463008880615
SumatraSurvey10,"40",S13W06,1/1/2008,"1","28",1046.000000000000000,4.250463008880615
SumatraSurvey10,"32",S13W07,1/1/2008,"1","11",418.000000000000000,5.250246524810791
SumatraSurvey10,"32",S13W07,1/1/2008,"1","12",418.000000000000000,5.250246524810791
SumatraSurvey10,"32",S13W07,1/1/2008,"1","20",418.000000000000000,5.250246524810791
SumatraSurvey10,"32",S13W07,1/1/2008,"1","21",418.000000000000000,5.250246524810791
SumatraSurvey10,"49",S14W01,1/1/2008,"1","2",497.000000000000000,12.000571250915527
SumatraSurvey10,"49",S14W01,1/1/2008,"1","4",497.000000000000000,12.000571250915527
SumatraSurvey10,"49",S14W01,1/1/2008,"1","7",497.000000000000000,12.000571250915527
SumatraSurvey10,"49",S14W01,1/1/2008,"1","8",497.000000000000000,12.000571250915527
SumatraSurvey10,"49",S14W01,1/1/2008,"1","9",497.000000000000000,12.000571250915527
SumatraSurvey10,"49",S14W01,1/1/2008,"1","10",497.000000000000000,12.000571250915527
SumatraSurvey10,"49",S14W01,1/1/2008,"1","11",497.000000000000000,12.000571250915527
SumatraSurvey10,"49",S14W01,1/1/2008,"1","18",497.000000000000000,12.000571250915527
SumatraSurvey10,"49",S14W01,1/1/2008,"1","25",497.000000000000000,12.000571250915527
SumatraSurvey10,"49",S14W01,1/1/2008,"1","34",497.000000000000000,12.000571250915527
SumatraSurvey10,"49",S14W01,1/1/2008,"1","39",497.000000000000000,12.000571250915527
SumatraSurvey10,"40",S14W02,1/1/2008,"1","8",782.000000000000000,3.258904695510864
SumatraSurvey10,"40",S14W02,1/1/2008,"1","14",782.000000000000000,3.258904695510864
SumatraSurvey10,"40",S14W02,1/1/2008,"1","25",782.000000000000000,3.258904695510864
SumatraSurvey10,"40",S14W02,1/1/2008,"1","27",782.000000000000000,3.258904695510864
SumatraSurvey10,"40",S14W02,1/1/2008,"1","28",782.000000000000000,3.258904695510864
SumatraSurvey10,"40",S14W02,1/1/2008,"1","29",782.000000000000000,3.258904695510864
SumatraSurvey10,"40",S14W02,1/1/2008,"1","30",782.000000000000000,3.258904695510864
SumatraSurvey10,"40",S14W02,1/1/2008,"1","31",782.000000000000000,3.258904695510864
SumatraSurvey10,"37",S14W03,1/1/2008,"1","5",1161.000000000000000,19.000000000000000
SumatraSurvey10,"30",S14W05,1/1/2008,"0","1",1506.000000000000000,8.852498054504395
SumatraSurvey10,"27",S14W06,1/1/2008,"1","7",175.000000000000000,5.275267124176025
SumatraSurvey10,"27",S14W06,1/1/2008,"1","8",175.000000000000000,5.275267124176025
SumatraSurvey10,"27",S14W06,1/1/2008,"1","9",175.000000000000000,5.275267124176025
SumatraSurvey10,"29",S15W01,1/1/2008,"1","4",385.000000000000000,10.303690910339355
SumatraSurvey10,"29",S15W01,1/1/2008,"1","7",385.000000000000000,10.303690910339355
SumatraSurvey10,"29",S15W01,1/1/2008,"1","10",385.000000000000000,10.303690910339355
SumatraSurvey10,"29",S15W01,1/1/2008,"1","14",385.000000000000000,10.303690910339355
SumatraSurvey10,"29",S15W01,1/1/2008,"1","19",385.000000000000000,10.303690910339355
SumatraSurvey10,"29",S15W01,1/1/2008,"1","25",385.000000000000000,10.303690910339355
SumatraSurvey10,"29",S15W01,1/1/2008,"1","28",385.000000000000000,10.303690910339355
SumatraSurvey10,"30",S15W02,1/1/2008,"1","17",600.000000000000000,3.050900697708130
SumatraSurvey10,"30",S15W02,1/1/2008,"1","18",600.000000000000000,3.050900697708130
SumatraSurvey10,"30",S15W02,1/1/2008,"1","19",600.000000000000000,3.050900697708130
SumatraSurvey10,"30",S15W02,1/1/2008,"1","20",600.000000000000000,3.050900697708130
SumatraSurvey10,"30",S15W02,1/1/2008,"1","28",600.000000000000000,3.050900697708130
SumatraSurvey10,"3",S15W03,1/1/2008,"1","1",924.000000000000000,15.733466148376465
SumatraSurvey10,"22",S15W04,1/1/2008,"1","4",1624.000000000000000,4.415075778961182
SumatraSurvey10,"22",S15W04,1/1/2008,"1","6",1624.000000000000000,4.415075778961182
SumatraSurvey10,"22",S15W04,1/1/2008,"1","11",1624.000000000000000,4.415075778961182
SumatraSurvey10,"22",S15W04,1/1/2008,"1","13",1624.000000000000000,4.415075778961182
SumatraSurvey10,"50",S15W05,1/1/2008,"1","15",719.000000000000000,3.000000000000000
SumatraSurvey10,"50",S15W05,1/1/2008,"1","34",719.000000000000000,3.000000000000000
SumatraSurvey10,"50",S15W05,1/1/2008,"1","48",719.000000000000000,3.000000000000000
SumatraSurvey10,"16",S15W06,1/1/2008,"1","9",113.000000000000000,13.366439819335938
SumatraSurvey10,"16",S15W06,1/1/2008,"1","12",113.000000000000000,13.366439819335938
SumatraSurvey10,"3",S16E01,1/1/2008,"0","1",734.000000000000000,4.258657455444336
SumatraSurvey10,"61",S16E11,1/1/2008,"1","34",69.000000000000000,11.000000000000000
SumatraSurvey10,"61",S16E11,1/1/2008,"1","38",69.000000000000000,11.000000000000000
SumatraSurvey10,"13",S16W01,1/1/2008,"1","4",709.000000000000000,7.728223800659180
SumatraSurvey10,"47",S16W02,1/1/2008,"1","3",1227.000000000000000,1.257526397705078
SumatraSurvey10,"47",S16W02,1/1/2008,"1","6",1227.000000000000000,1.257526397705078
SumatraSurvey10,"47",S16W02,1/1/2008,"1","14",1227.000000000000000,1.257526397705078
SumatraSurvey10,"47",S16W02,1/1/2008,"1","25",1227.000000000000000,1.257526397705078
SumatraSurvey10,"47",S16W02,1/1/2008,"1","26",1227.000000000000000,1.257526397705078
SumatraSurvey10,"47",S16W02,1/1/2008,"1","34",1227.000000000000000,1.257526397705078
SumatraSurvey10,"47",S16W02,1/1/2008,"1","35",1227.000000000000000,1.257526397705078
SumatraSurvey10,"47",S16W02,1/1/2008,"1","43",1227.000000000000000,1.257526397705078
SumatraSurvey10,"47",S16W02,1/1/2008,"1","46",1227.000000000000000,1.257526397705078
SumatraSurvey10,"64",S16W03,1/1/2008,"1","14",1094.000000000000000,1.852497577667236
SumatraSurvey10,"64",S16W03,1/1/2008,"1","38",1094.000000000000000,1.852497577667236
SumatraSurvey10,"64",S16W03,1/1/2008,"1","55",1094.000000000000000,1.852497577667236
SumatraSurvey10,"64",S16W03,1/1/2008,"1","58",1094.000000000000000,1.852497577667236
SumatraSurvey10,"64",S16W03,1/1/2008,"1","62",1094.000000000000000,1.852497577667236
SumatraSurvey10,"64",S16W03,1/1/2008,"1","63",1094.000000000000000,1.852497577667236
SumatraSurvey10,"45",S16W04,1/1/2008,"1","3",630.000000000000000,2.728224039077759
SumatraSurvey10,"45",S16W04,1/1/2008,"1","4",630.000000000000000,2.728224039077759
SumatraSurvey10,"45",S16W04,1/1/2008,"1","16",630.000000000000000,2.728224039077759
SumatraSurvey10,"45",S16W04,1/1/2008,"1","18",630.000000000000000,2.728224039077759
SumatraSurvey10,"45",S16W04,1/1/2008,"1","21",630.000000000000000,2.728224039077759
SumatraSurvey10,"45",S16W04,1/1/2008,"1","22",630.000000000000000,2.728224039077759
SumatraSurvey10,"45",S16W04,1/1/2008,"1","23",630.000000000000000,2.728224039077759
SumatraSurvey10,"45",S16W04,1/1/2008,"1","28",630.000000000000000,2.728224039077759
SumatraSurvey10,"45",S16W04,1/1/2008,"1","34",630.000000000000000,2.728224039077759
SumatraSurvey10,"27",S16W05,1/1/2008,"1","17",257.000000000000000,3.250462770462036
SumatraSurvey10,"27",S17E01,1/1/2008,"1","7",678.000000000000000,18.000000000000000
SumatraSurvey10,"38",S17E02,1/1/2008,"1","2",447.000000000000000,6.728223800659180
SumatraSurvey10,"9",S17E03,1/1/2008,"0","1",321.000000000000000,3.250462770462036
SumatraSurvey10,"76",S17E10,1/1/2008,"1","15",49.000000000000000,2.852497577667236
SumatraSurvey10,"76",S17E10,1/1/2008,"1","17",49.000000000000000,2.852497577667236
SumatraSurvey10,"76",S17E10,1/1/2008,"1","18",49.000000000000000,2.852497577667236
SumatraSurvey10,"79",S17E11,1/1/2008,"1","60",43.000000000000000,4.366439819335938
SumatraSurvey10,"15",S17W01,1/1/2008,"1","4",1305.000000000000000,4.366439819335938
SumatraSurvey10,"40",S17W02,1/1/2008,"1","10",1267.000000000000000,4.318683624267578
SumatraSurvey10,"40",S17W02,1/1/2008,"1","12",1267.000000000000000,4.318683624267578
SumatraSurvey10,"40",S17W02,1/1/2008,"1","14",1267.000000000000000,4.318683624267578
SumatraSurvey10,"40",S17W02,1/1/2008,"1","19",1267.000000000000000,4.318683624267578
SumatraSurvey10,"40",S17W02,1/1/2008,"1","39",1267.000000000000000,4.318683624267578
SumatraSurvey10,"25",S17W03,1/1/2008,"1","3",1076.000000000000000,0.257024466991425
SumatraSurvey10,"25",S17W03,1/1/2008,"1","10",1076.000000000000000,0.257024466991425
SumatraSurvey10,"25",S17W03,1/1/2008,"1","11",1076.000000000000000,0.257024466991425
SumatraSurvey10,"25",S17W03,1/1/2008,"1","13",1076.000000000000000,0.257024466991425
SumatraSurvey10,"25",S17W03,1/1/2008,"1","15",1076.000000000000000,0.257024466991425
SumatraSurvey10,"25",S17W03,1/1/2008,"1","17",1076.000000000000000,0.257024466991425
SumatraSurvey10,"42",S17W04,1/1/2008,"1","4",244.000000000000000,3.251009941101074
SumatraSurvey10,"42",S17W04,1/1/2008,"1","16",244.000000000000000,3.251009941101074
SumatraSurvey10,"42",S17W04,1/1/2008,"1","38",244.000000000000000,3.251009941101074
SumatraSurvey10,"42",S17W04,1/1/2008,"1","40",244.000000000000000,3.251009941101074
SumatraSurvey10,"41",S18E01,1/1/2008,"0","1",1452.000000000000000,4.000000000000000
SumatraSurvey10,"26",S18E02,1/1/2008,"1","14",451.000000000000000,3.629548072814941
SumatraSurvey10,"6",S18E03,1/1/2008,"0","1",253.000000000000000,11.629548072814941
SumatraSurvey10,"34",S18W01,1/1/2008,"1","6",1586.000000000000000,2.296728134155273
SumatraSurvey10,"49",S18W02,1/1/2008,"1","3",1176.000000000000000,0.250815063714981
SumatraSurvey10,"49",S18W02,1/1/2008,"1","4",1176.000000000000000,0.250815063714981
SumatraSurvey10,"49",S18W02,1/1/2008,"1","5",1176.000000000000000,0.250815063714981
SumatraSurvey10,"72",S18W03,1/1/2008,"1","10",394.000000000000000,0.436701506376266
SumatraSurvey10,"72",S18W03,1/1/2008,"1","18",394.000000000000000,0.436701506376266
SumatraSurvey10,"72",S18W03,1/1/2008,"1","21",394.000000000000000,0.436701506376266
SumatraSurvey10,"72",S18W03,1/1/2008,"1","25",394.000000000000000,0.436701506376266
SumatraSurvey10,"72",S18W03,1/1/2008,"1","59",394.000000000000000,0.436701506376266
SumatraSurvey10,"72",S18W03,1/1/2008,"1","61",394.000000000000000,0.436701506376266
SumatraSurvey10,"40",S18W04,1/1/2008,"1","21",320.000000000000000,15.000000000000000
SumatraSurvey10,"40",S18W04,1/1/2008,"1","28",320.000000000000000,15.000000000000000
SumatraSurvey10,"31",S19E01,1/1/2008,"0","1",902.000000000000000,0.250004827976227
SumatraSurvey10,"28",S19E02,1/1/2008,"1","4",786.000000000000000,9.000000000000000
SumatraSurvey10,"28",S19E02,1/1/2008,"1","17",786.000000000000000,9.000000000000000
SumatraSurvey10,"54",S19E03,1/1/2008,"1","2",628.000000000000000,3.250009059906006
SumatraSurvey10,"54",S19E03,1/1/2008,"1","42",628.000000000000000,3.250009059906006
SumatraSurvey10,"23",S19E04,1/1/2008,"0","1",243.000000000000000,3.250815153121948
SumatraSurvey10,"29",S19W01,1/1/2008,"1","8",624.000000000000000,0.000000000000000
SumatraSurvey10,"29",S19W01,1/1/2008,"1","22",624.000000000000000,0.000000000000000
SumatraSurvey10,"90",S19W02,1/1/2008,"1","78",781.000000000000000,0.000000000000000
SumatraSurvey10,"90",S19W02,1/1/2008,"1","79",781.000000000000000,0.000000000000000
SumatraSurvey10,"90",S19W02,1/1/2008,"1","87",781.000000000000000,0.000000000000000
SumatraSurvey10,"90",S19W02,1/1/2008,"1","88",781.000000000000000,0.000000000000000
SumatraSurvey10,"85",S19W03,1/1/2008,"1","26",198.000000000000000,0.000000000000000
SumatraSurvey10,"85",S19W03,1/1/2008,"1","27",198.000000000000000,0.000000000000000
SumatraSurvey10,"85",S19W03,1/1/2008,"1","34",198.000000000000000,0.000000000000000
SumatraSurvey10,"85",S19W03,1/1/2008,"1","39",198.000000000000000,0.000000000000000
SumatraSurvey10,"85",S19W03,1/1/2008,"1","82",198.000000000000000,0.000000000000000
SumatraSurvey10,"85",S19W03,1/1/2008,"1","83",198.000000000000000,0.000000000000000
SumatraSurvey10,"85",S19W03,1/1/2008,"1","84",198.000000000000000,0.000000000000000
SumatraSurvey10,"36",S20E01,1/1/2008,"0","1",930.000000000000000,7.000000000000000
SumatraSurvey10,"40",S20E02,1/1/2008,"1","21",1665.000000000000000,4.266884326934814
SumatraSurvey10,"24",S20E03,1/1/2008,"1","3",938.000000000000000,3.000000000000000
SumatraSurvey10,"24",S20E03,1/1/2008,"1","4",938.000000000000000,3.000000000000000
SumatraSurvey10,"4",S20E04,1/1/2008,"0","1",926.000000000000000,3.250003099441528
SumatraSurvey10,"16",S20E05,1/1/2008,"0","1",111.000000000000000,15.728223800659180
SumatraSurvey10,"67",S20W01,1/1/2008,"0","1",347.000000000000000,2.312208414077759
SumatraSurvey10,"51",S20W02,1/1/2008,"1","4",336.000000000000000,0.000000000000000
SumatraSurvey10,"51",S20W02,1/1/2008,"1","18",336.000000000000000,0.000000000000000
SumatraSurvey10,"51",S20W02,1/1/2008,"1","37",336.000000000000000,0.000000000000000
SumatraSurvey10,"51",S20W02,1/1/2008,"1","38",336.000000000000000,0.000000000000000
SumatraSurvey10,"51",S20W02,1/1/2008,"1","41",336.000000000000000,0.000000000000000
SumatraSurvey10,"35",S21E03,1/1/2008,"0","1",1737.000000000000000,6.251009941101074
SumatraSurvey10,"53",S21E04,1/1/2008,"1","31",1148.000000000000000,4.250004768371582
SumatraSurvey10,"23",S21E05,1/1/2008,"0","1",96.000000000000000,14.728223800659180
SumatraSurvey10,"17",S22E03,1/1/2008,"1","9",1156.000000000000000,6.681485176086426
SumatraSurvey10,"37",S22E04,1/1/2008,"1","33",1047.000000000000000,4.251009941101074
SumatraSurvey10,"24",S22E05,1/1/2008,"0","1",737.000000000000000,4.250008106231689
SumatraSurvey10,"29",S25E04,26-03-07,"0","1",486.000000000000000,5.629548072814941
SumatraSurvey10,"24",S25E05,1/4/2007,"1","1",446.000000000000000,20.000000000000000
SumatraSurvey10,"24",S25E05,1/4/2007,"1","24",446.000000000000000,20.000000000000000
SumatraSurvey10,"33",S26E05,2/4/2007,"1","26",545.000000000000000,5.250538349151611
SumatraSurvey10,"29",S26E06,28-07-07,"0","1",626.000000000000000,13.318683624267578
SumatraSurvey10,"18",S26E07,3/8/2007,"1","4",1067.000000000000000,13.366439819335938
SumatraSurvey10,"16",S26E11,6/10/2007,"0","1",495.000000000000000,6.262126445770264
SumatraSurvey10,"35",S27E05,15-04-07,"1","7",234.000000000000000,14.757507324218750
SumatraSurvey10,"28",S27E06,18-04-07,"1","24",491.000000000000000,3.250440359115601
SumatraSurvey10,"28",S27E06,18-04-07,"1","25",491.000000000000000,3.250440359115601
SumatraSurvey10,"28",S27E06,18-04-07,"1","26",491.000000000000000,3.250440359115601
SumatraSurvey10,"46",S27E07,10/8/2007,"1","6",1027.000000000000000,9.262444496154785
SumatraSurvey10,"10",S27E08,15-08-07,"1","7",1328.000000000000000,13.339466094970703
SumatraSurvey10,"19",S27E10,20-08-07,"0","1",798.000000000000000,22.000000000000000
SumatraSurvey10,"21",S27E11,26-09-07,"0","1",777.000000000000000,15.728223800659180
SumatraSurvey10,"7",S28E06,11/5/2007,"1","6",98.000000000000000,21.000040054321289
SumatraSurvey10,"23",S28E07,6/5/2007,"0","1",114.000000000000000,12.629548072814941
SumatraSurvey10,"28",S28E08,26-05-07,"0","1",1228.000000000000000,6.252673149108887
SumatraSurvey10,"37",S28E09,4/9/2007,"0","1",2089.000000000000000,5.250062465667725
SumatraSurvey10,"37",S28E10,15-09-07,"0","1",1717.000000000000000,11.258657455444336
SumatraSurvey10,"22",S28E11,24-09-07,"0","1",1292.000000000000000,17.000000000000000
SumatraSurvey10,"9",S28E12,24-10-07,"0","1",794.000000000000000,5.436701297760010
SumatraSurvey10,"41",S28E13,25-10-08,"0","1",823.000000000000000,13.250020027160645
SumatraSurvey10,"13",S29E07,9/5/2007,"0","1",157.000000000000000,14.415163040161133
SumatraSurvey10,"27",S29E08,2/6/2007,"1","11",297.000000000000000,13.273260116577148
SumatraSurvey10,"23",S29E09,9/6/2007,"1","9",719.000000000000000,3.251009941101074
SumatraSurvey10,"18",S29E10,9/4/2008,"0","1",1597.000000000000000,3.251984834671021
SumatraSurvey10,"34",S29E11,21-10-07,"0","1",1520.000000000000000,4.318683624267578
SumatraSurvey10,"18",S29E12,21-10-07,"0","1",687.000000000000000,15.728223800659180
SumatraSurvey10,"27",S30E08,28-06-07,"1","11",126.000000000000000,15.799713134765625
SumatraSurvey10,"14",S30E09,9/6/2007,"1","2",191.000000000000000,16.000045776367188
SumatraSurvey10,"44",S30E10,24-05-08,"0","1",683.000000000000000,11.339466094970703
SumatraSurvey10,"27",S30E11,27-10-07,"1","2",869.000000000000000,12.318683624267578
SumatraSurvey10,"27",S30E11,27-10-07,"1","18",869.000000000000000,12.318683624267578
SumatraSurvey10,"27",S30E11,27-10-07,"1","19",869.000000000000000,12.318683624267578
SumatraSurvey10,"41",S31E10,14-05-08,"0","1",447.000000000000000,5.250058650970459
SumatraSurvey10,"60",S31E11,26-05-08,"0","1",896.000000000000000,5.757507324218750
SumatraSurvey10,"24",S31E12,9/4/2008,"1","14",537.000000000000000,15.000000000000000
SumatraSurvey10,"15",S31E25,17-01-08,"0","1",21.000000000000000,14.556361198425293
SumatraSurvey10,"13",S31E26,17-01-08,"0","1",0.000000000000000,nan
SumatraSurvey10,"26",S32E10,24-04-08,"0","1",72.000000000000000,18.788530349731445
SumatraSurvey10,"62",S32E11,22-03-08,"0","1",233.000000000000000,12.260524749755859
SumatraSurvey10,"31",S32E12,20-06-08,"0","1",995.000000000000000,4.250146865844727
SumatraSurvey10,"34",S32E13,29-03-08,"0","1",543.000000000000000,6.415075778961182
SumatraSurvey10,"27",S32E24,18-01-08,"0","1",26.000000000000000,18.000000000000000
SumatraSurvey10,"55",S32E25,17-01-08,"0","1",28.000000000000000,7.250250339508057
SumatraSurvey10,"25",S32E26,22-02-08,"0","1",0.000000000000000,nan
SumatraSurvey10,"22",S33E13,11/3/2008,"0","1",673.000000000000000,5.251896858215332
SumatraSurvey10,"51",S33E14,28-03-08,"0","1",918.000000000000000,16.728223800659180
SumatraSurvey10,"34",S33E24,7/1/2008,"0","1",34.000000000000000,14.251984596252441
SumatraSurvey10,"93",S33E25,30-01-08,"1","19",33.000000000000000,0.250635087490082
SumatraSurvey10,"93",S33E25,30-01-08,"1","47",33.000000000000000,0.250635087490082
SumatraSurvey10,"93",S33E25,30-01-08,"1","54",33.000000000000000,0.250635087490082
SumatraSurvey10,"19",S33E26,11/2/2008,"0","1",0.000000000000000,nan
SumatraSurvey10,"33",S34E14,23-02-08,"0","1",479.000000000000000,3.257637023925781
SumatraSurvey10,"30",S34E15,4/3/2008,"0","1",854.000000000000000,14.728223800659180
SumatraSurvey10,"27",S34E25,7/1/2008,"1","23",17.000000000000000,15.366695404052734
SumatraSurvey10,"27",S34E25,7/1/2008,"1","27",17.000000000000000,15.366695404052734
SumatraSurvey10,"22",S34E26,22-02-08,"0","1",0.000000000000000,nan
SumatraSurvey10,"66",S35E14,9/2/2008,"0","1",121.000000000000000,11.505813598632813
SumatraSurvey10,"53",S35E15,6/2/2008,"1","24",535.000000000000000,5.250142097473145
SumatraSurvey10,"53",S35E15,6/2/2008,"1","29",535.000000000000000,5.250142097473145
SumatraSurvey10,"61",S35E16,19-01-08,"1","18",564.000000000000000,12.526984214782715
SumatraSurvey10,"61",S35E16,19-01-08,"1","20",564.000000000000000,12.526984214782715
SumatraSurvey10,"69",S36E15,21-01-08,"0","1",45.000000000000000,13.826286315917969
SumatraSurvey10,"78",S36E16,24-12-07,"1","9",492.000000000000000,3.318729162216187
SumatraSurvey10,"78",S36E16,24-12-07,"1","10",492.000000000000000,3.318729162216187
SumatraSurvey10,"78",S36E16,24-12-07,"1","61",492.000000000000000,3.318729162216187
SumatraSurvey10,"62",S37E16,6/12/2007,"0","1",38.000000000000000,10.502714157104492
SumatraSurvey10,"35",S37E17,8/1/2008,"1","15",342.000000000000000,4.752974510192871
SumatraSurvey10,"35",S37E17,8/1/2008,"1","16",342.000000000000000,4.752974510192871
SumatraSurvey10,"46",S38E17,6/12/2007,"1","5",86.000000000000000,5.840776920318604
SumatraSurvey10,"24",S38E18,21-11-07,"1","17",0.000000000000000,nan
SumatraSurvey10,"22",S39E18,21-11-07,"1","12",27.000000000000000,16.788530349731445
SumatraSurvey10,"22",S39E18,21-11-07,"1","18",27.000000000000000,16.788530349731445
SumatraSurvey10,"22",S39E18,21-11-07,"1","19",27.000000000000000,16.788530349731445
