,,,,,,,,location method,,,,,,,observation method,,,,observation type,,,,,,,,,,,,number by sex/age,,,,,
country,grid,name of observer/PI,organizational affliation,email address,observation date,observation longitude,observation latitude,GPS,Telemetry Fix,Map and Compass,Dead Reckoning (on map),Report,other (describe in notes),location notes,Patrol Team,Field team/staff incidental obs,local informant,other,Photograph,Firsthand Sighting,Tracks,Scat,Telemetry,Tiger Mortality,Tiger Kill,Vocalizations Heard,"Scrapes, Scentmarks",Report,other (describe in notes),observation notes,# adult males,# adult  females,# adults sex unknown,# Subadults (either sex - 1-2 years old),# cubs (either sex - 1-12 month old),notes
Russia,Russia,Dale Miquelle,WCS-Russia,xxxxx@xxx.org,2/1/1998,130.094,43.5276,,,,1,,,,,,,,,,1,,,,,,,,,,1,,,,,1998 Jilin survey
Indonesia,Sumatra,Hariyo T. Wibisono,Harimau Kita,xxxxx@xxx.org,11/15/2017,35.094,23.5276,,,,,,,,1,,,,,,1,,,,,,,,,,,1,,,,
India,India,Dipanjan Naha,Wildlife Institute of India,xxxxx@xxx.org,4/10/2019,122.094,44.5276,1,,,,,,,,,,,,,,,,,,,,,,,,,1,,,
