country,grid,name of observer/PI,organizational affliation,email address,project ID,deployment ID,cell label,deployment date/time,pickup date/time,bait,quiet period setting,large prey,small prey,livestock,notes
Indonesia,Sumatra,Wulan Pusparini,WCS-Indonesia,wpusparini@wcs.org,BBSNP2015,BBS-2015-Loc-1,R045C023,5/27/2015 13:32,10/26/2015 08:48,0,10,0,1,0,
Indonesia,Sumatra,Wulan Pusparini,WCS-Indonesia,wpusparini@wcs.org,BBSNP2015,BBS-2015-Loc-10,R034C012,6/13/2015 10:25,11/13/2015 09:11,0,10,0,1,0,
Indonesia,Sumatra,Wulan Pusparini,WCS-Indonesia,wpusparini@wcs.org,BBSNP2015,BBS-2015-Loc-11,R043C032,5/27/2015 09:45,9/17/2015 10:11,0,10,1,1,0,
Indonesia,Sumatra,Wulan Pusparini,WCS-Indonesia,wpusparini@wcs.org,BBSNP2015,BBS-2015-Loc-12,R012C034,6/17/2015 14:15,11/17/2015 10:11,0,10,0,1,0,
